SKU,Categories
TIM001,Mössa
BVK001,Mössa
BVK002,Mössa
NYN002,Glas
BVK004,Keps
BVK005,Sweatshirt
BVK006,Hoodie
BVK007,T-shirt
BVK008,T-shirt
BVK009,T-shirt
BVK010,T-shirt
BVK011,T-shirt
MAJ003,Övrigt
RRB002,Tygkasse
RRB003,hoodie
RRB004,T-shirt
RRB008,Övrigt
RRB005,T-shirt
RRB006,T-shirt
RRB007,T-shirt
TIM002,Tygkasse
TIM003,T-shirt
TIM004,T-shirt
TIM005,hoodie
TIM006,hoodie
TIM007,hoodie
TIM008,T-shirt
TIM009,T-shirt
TIM010,Keps
GIN001,T-shirt
GIN002,Hoodie
GIN003,T-shirt
GIN004,T-shirt
GIN005,T-shirt
GIN006,Keps
GIN007,Mössa
GIN008,Mössa
GIN009,Keps
GIN010,Kepsar
GIN011,Mössa
GIN012,Mössa
HOG001,T-shirt
OLI001,Hoodie
OLI002,T-shirt
OLI003,Keps
BBR001,T-shirt
BBR002,Sweatshirt
BBR003,Tygkasse
BBR004,Keps
BBR006,T-shirt
BBR007,T-shirt
KLO001,Kepsar
KLO002,Keps
JMT001,Keps
JMT002,Keps
JMT003,Tygkasse
JMT004,Sweatshirt
JMT005,T-shirt
FIS001,Mössa
FIS002,Mössa
FIS003,Keps
FIS004,sweatshirt
FIS005,T-shirt
FIS006,T-shirt
FIS007,T-shirt
FIS008,T-shirt
FJB001,Keps
FJB002,Keps
FJB003,T-shirt
FJB004,T-shirt
FJB005,Hoodie
FJB006,T-shirt
FJB007,T-shirt
FJB008,T-shirt
BEN005,T-shirt
BEN006,T-shirt
BEN007,T-shirt
BEN008,T-shirt
BEN009,T-shirt
SNA001,Sweatshirt
SNA002,Hoodie
SNA003,T-shirt
SNA004,T-shirt
SNA005,T-shirt
SNA006,T-shirt
NYN003,Glas
NYN004,Glas
KLO003,T-shirt
KLO004,T-shirt
KLO005,T-shirt
KLO006,T-shirt
KLO007,T-shirt
VAX001,T-shirt
JMT006,T-shirt
JMT007,Keps
FRD001,Hoodie
FRD002,Sweatshirt
FRD003,Hoodie
FRD004,T-shirt
FRD005,T-shirt
FRD006,T-shirt
APE001,T-shirt
APE002,T-shirt
GGB001,Hoodie
SOB001,Glas
MAJ004,Tygkasse
SUB001,Hoodie
SUB002,Keps
SUB003,Hoodie
SUB004,T-shirt
PIN001,T-shirt
PIN002,T-shirt
PIN003,T-shirt
PIN004,T-shirt
PIN005,T-shirt
PIN006,T-shirt
PIN007,T-shirt
HOG002,T-shirt
SUB005,T-shirt
BWR001,T-shirt
BWR002,T-shirt
BWR003,Tygkasse
BWR004,T-shirt
BWR005,T-shirt
MAJ006,Sweatshirt
MAJ010,Hoodie
FRI001,T-shirt
FRI002,T-shirt
PIN008,Glas
APE003,Keps
APE004,T-shirt
APE005,T-shirt
SOB002,T-shirt
SOB003,T-shirt
SOB004,T-shirt
SOB005,T-shirt
SOB006,T-shirt
SOB007,Tygkasse
HYL001,T-shirt
HYL002,T-shirt
HYL003,T-shirt
HYL004,T-shirt
HYL005,T-shirt
JMT008,Keps
JMT009,Keps
JMT010,Keps
JMT011,Keps
JMT012,T-shirt
NYN008,T-shirt
NYN009,Keps
NYN010,Keps
NYN011,T-shirt
NYN012,Hoodie
NYN013,T-shirt
NYN014,T-shirt
NYN015,T-shirt
NYN016,Tygkasse
NYN017,Mössa
NYN018,T-shirt
NYN019,T-shirt
NYN020,T-shirt
NYN021,T-shirt
NYN022,T-shirt
NYN023,T-shirt
JMT013,T-shirt
JMT014,Mössa
JMT015,Mössa
JMT016,Sweatshirt
JMT017,Sweatshirt
JMT018,Hoodie
JMT019,Tygkasse
JMT020,Tygkasse
JMT021,T-shirt
JMT022,T-shirt
BOT001,Keps
BOT002,T-shirt
BOT003,T-shirt
BOT004,Tygkasse
BOT005,Hoodie
BOT006,Mössa
BOT007,Mössa
BOT008,Mössa
BOT009,T-shirt
BOT010,T-shirt
BOT011,T-shirt
BOT012,T-shirt
BOT013,T-shirt
BOT014,T-shirt
PKH001,T-shirt
PKH002,T-shirt
PKH003,T-shirt
LAR001,T-shirt
HOG003,T-shirt
HOG004,Hoodie
HOG005,Mössa
HOG006,T-shirt
HOG007,T-shirt
HOG008,T-shirt
HOG009,T-shirt
HOG010,T-shirt
HOG011,T-shirt
HOG012,T-shirt
HOG013,T-shirt
OLV001,T-shirt
OLV002,Mössa
OLV003,Sweatshirt
OLV004,T-shirt
OLV005,T-shirt
OLV006,Tygkasse
BZR001,Tygkasse
BZR002,T-shirt
BZR003,T-shirt
BZR004,T-shirt
WID001,Sweatshirt
WID002,Sweatshirt
WID003,T-shirt
BST001,T-shirt
BST002,Hoodie
BST003,T-shirt
GSB001,T-shirt
BRM001,Mössa
ODD001,T-shirt
BRM002,Hoodie
BRM003,Keps
BRM004,Tygkasse
BRM005,T-shirt
HAL001,Tygkasse
HAL002,Tygkasse
HAL003,T-shirt
HAL004,T-shirt
HAL005,T-shirt
HAL006,T-shirt
RAJ001,Keps
RAJ002,Hoodie
RAJ003,Hoodie
RAJ004,Tygkasse
RAJ005,T-shirt
RAJ006,T-shirt
ODD002,T-shirt
ODD003,Keps
ODD004,Hoodie
BST004,Tygkasse
ODD005,Tygkasse
ODD006,Hoodie
ODD007,T-shirt
ODD008,T-shirt
ODD009,Keps
BST005,Keps
BST006,Mössa
ODD010,Mössa
ODD011,T-shirt
ODD012,T-shirt
ODD013,T-shirt
BWG001,T-shirt
BWG002,T-shirt
BST007,T-shirt
BST008,T-shirt
BST009,T-shirt
BST010,Tygkasse
BST011,T-shirt
BST012,T-shirt
SMO001,T-shirt
SMO002,T-shirt
SMO003,Keps
SMO004,Mössa
BST013,Mössa
BWG003,Sweatshirt
BWG004,Sweatshirt
BWG005,Förkläde
BWG006,Förkläde
BWG007,Keps
BWG008,Keps
BWG009,Tygkasse
LAR002,Sweatshirt
WID004,Sweatshirt
BWG010,Mössa
BWG011,Mössa
BWG012,Keps
BWG013,Keps
BWG014,Glas
BWG015,Glas
LAR003,T-shirt
WID005,T-shirt
LAR004,Mössa
LAR005,Mössa
LAR006,Mössa
BWG016,Hoodie
BWG017,Hoodie
LAR007,Keps
LAR008,Tygkasse
LAR009,Hoodie
BWG018,T-shirt
BWG019,T-shirt
BWG020,T-shirt
BWG021,T-shirt
LAR010,Hoodie
LAR011,T-shirt
LAR012,T-shirt
WID006,Tygkasse
WID007,Mössa
WID008,Mössa
WID009,Keps
WID010,Sweatshirt
WID011,T-shirt
WID012,T-shirt
WID013,T-shirt
WID014,T-shirt
SIG001,Övrigt
SIG002,Övrigt
SIG003,Hoodie
SIG004,T-shirt
SIG005,T-shirt
SIG006,Tygkasse
FJF001,T-shirt
FJD002,Mössa
FJD003,Mössa
FJD004,Keps
FJD005,Tygkasse
FJD006,Tygkasse
FJD007,T-shirt
FJD008,T-shirt
FJD009,T-shirt
FJD010,T-shirt
BRE001,T-shirt
BRE002,T-shirt
BRE003,T-shirt
BRE004,T-shirt
AKI001,Glas
AKI002,Glas
BRE005,T-shirt
BRE006,T-shirt
BRE007,T-shirt
BRE008,T-shirt
BRE009,Sweatshirt
BRE010,Hoodie
BRE011,Keps
BRE012,Keps
BRE013,Keps
BRE014,Mössa
BRE015,Mössa
BRE016,T-shirt
BRE017,T-shirt
BRE018,T-shirt
BRE019,T-shirt
SIG007,T-shirt
SIG008,Sweatshirt
SIG009,Keps
SIG010,Mössa
SIG011,Mössa
SIG012,Mössa
SIG013,T-shirt
SIG014,T-shirt
AKI003,Mössa
COP001,Keps
COP002,T-shirt
COP003,Mössa
COP004,Tygkasse
COP005,Tygkasse
COP006,Hoodie
COP007,T-shirt
COP008,T-shirt
AKI004,Mössa
KLO008,Mössa
AKI005,Tygkasse
AKI006,Hoodie
AKI007,T-shirt
PKB001,Mössa
PKB002,Mössa
BBB001,Mössa
BBB002,Mössa
PKB003,Keps
PKB004,Hoodie
PKB005,T-shirt
PKB006,T-shirt
BBB003,Keps
BBB004,Tygkasse
BBB005,Hoodie
BBB006,T-shirt
BBB007,T-shirt
GGB002,Keps
GGB003,Keps
GGB004,Keps
GGB005,Sweatshirt
GGB006,Sweatshirt
GGB007,Mössa
GGB008,Mössa
GGB009,Hoodie
GGB010,Mössa
GGB011,T-shirt
GGB012,T-shirt
ARE001,T-shirt
ARE002,T-shirt
ARE003,T-shirt
ARE004,Mössa
FIN001,Hoodie
FIN002,Tygkasse
FIN003,T-shirt
FIN004,T-shirt
FIN005,Övrigt
BKW001,Hoodie
BKW002,T-shirt
BKW003,T-shirt
BKW004,Kepsar
BKW005,Tygkasse
BKW006,T-shirt
BKW007,T-shirt
NER001,Kepsar
NER002,T-shirt
NER003,Sweatshirt
NER004,Hoodie
NER005,T-shirt
HYL006,Kepsar
HYL007,Keps
HYL008,Förkläde
HYL009,Tygkasse
HYL010,Hoodie
TEG001,Övrigt
TEG002,T-shirt
HYL011,T-shirt
BWG022,T-shirt
COH001,Hoodie
COH002,Hoodie
BWG023,Accessoarer
PIN009,Sweatshirt
PIN010,Mössa
THS001,Keps
THS002,T-shirt
THS003,Tygkasse
PIN011,Mössa
PIN012,T-shirt
THS004,T-shirt
THS005,T-shirt
SIG015,Tygkasse
BWG024,Tygkasse
BWG025,T-shirt
PIN013,Tygkasse
COH003,Sweatshirt
COH004,T-shirt
